{
    "action": "null",
    "cells": {
        "anova": "null",
        "model": "null",
        "query": "null",
        "summary": {
            "init": {
                "adj_r_squared": 0.020394660034562362,
                "aliased": {},
                "coefficients": {
                    "(Intercept)": {
                        "estimate": 1.2534129874493947,
                        "p_value": 1.7002629918594784e-24,
                        "std_error": 0.11672422389242906,
                        "t_value": 10.738242205872513
                    },
                    "AGE": {
                        "estimate": 0.0019060832563585033,
                        "p_value": 0.14228958557748428,
                        "std_error": 0.0012971149624859816,
                        "t_value": 1.4694790450226598
                    },
                    "PTEDUCAT": {
                        "estimate": -0.011689967415464533,
                        "p_value": 0.001506977328691784,
                        "std_error": 0.003664797675887954,
                        "t_value": -3.1897988509371498
                    },
                    "PTGENDER(Male)": {
                        "estimate": 0.018726044261431873,
                        "p_value": 0.3327721329372444,
                        "std_error": 0.01931671948541849,
                        "t_value": 0.9694215560549763
                    }
                },
                "cov_unscaled": {
                    "headers": [
                        "(Intercept)",
                        "AGE",
                        "PTEDUCAT",
                        "PTGENDER(Male)"
                    ],
                    "values": [
                        [
                            0.28968115948048406,
                            -0.0027756280407418973,
                            -0.005519094554355326,
                            0.00796241648863362
                        ],
                        [
                            -0.002775628040741889,
                            3.5772986470347346e-05,
                            1.3797683031076531e-05,
                            -9.217269321488877e-05
                        ],
                        [
                            -0.005519094554355361,
                            1.3797683031077002e-05,
                            0.0002855605875808864,
                            -0.0003199416073536961
                        ],
                        [
                            0.007962416488633718,
                            -9.217269321488996e-05,
                            -0.00031994160735369676,
                            0.0079335032941174
                        ]
                    ]
                },
                "degrees_freedom": {
                    "0": 4.0,
                    "1": 536.0,
                    "2": 4.0
                },
                "r_squared": 0.025847008865538812,
                "residuals": {
                    "max": 0.512269745976033,
                    "median": -0.04686543926698983,
                    "min": -0.48266422490280125,
                    "q1": -0.17877412821573135,
                    "q3": 0.17052738078958196
                },
                "sigma": 0.2168706943282515
            },
            "type": "null"
        }
    },
    "doc": "Distributed Linear Regression",
    "input": "null",
    "metadata": "null",
    "name": "exareme_linear_regression",
    "output": "null"
}
